[{
    "A_BCUID": "1",
  "SOC_Item": [
    {
      "Name": "系统重启",
      "StartAddress": "0x7000",
      "OffSetAddress": "0",
      "RW": "RW",
      "FORMATE": "1",
      "Val_def": "0102030505060708",
      "Val_real": ""
    },
    {
      "Name": "恢复默认",
      "StartAddress": "0x7000",
      "OffSetAddress": "1",
      "RW": "RW",
      "FORMATE": "1",
      "Val_def": "0",
      "Val_real": ""
    },
    {
      "Name": "设置SOC",
      "StartAddress": "0x7000",
      "OffSetAddress": "2",
      "RW": "RW",
      "FORMATE": "1",
      "Val_def": "0",
      "Val_real": ""
    },
    {
      "Name": "预充接触器开关",
      "StartAddress": "0x7000",
      "OffSetAddress": "3",
      "RW": "RW",
      "FORMATE": "1",
       "UNIT": "0：关闭1：打开",
      "Val_def": "1",
      "Val_real": ""
    },
     {
      "Name": "正接触器开关",
      "StartAddress": "0x7000",
      "OffSetAddress": "4",
      "RW": "RW",
      "FORMATE": "1",
       "UNIT": "0：关闭1：打开",
      "Val_def": "0",
      "Val_real": ""
    },
    {
      "Name": "负接触器开关",
      "StartAddress": "0x7000",
      "OffSetAddress": "5",
      "RW": "RW",
      "UNIT": "0：关闭1：开关",
      "FORMATE": "1",
      "UNIT": "0：关闭1：打开",
      "Val_def": "0",
      "Val_real": ""
    },
    {
      "Name": "风扇强制开关",
      "StartAddress": "0x7000",
      "OffSetAddress": "6",
      "RW": "RW",
      "FORMATE": "1",
       "UNIT": "0：关闭1：打开",
      "Val_def": "0",
      "Val_real": ""
    },
    {
      "Name": "BMS状态测试",
      "StartAddress": "0x7000",
      "OffSetAddress": "7",
      "RW": "RW",
      "FORMATE": "1",
      "UNIT": "0:no request；1：normal; 2:charge;3:standby;4:test(先进入standby，然后才能进入test)",
      "Val_def": "0",
      "Val_real": ""
    },
    {
      "Name": "空调控制指令",
      "StartAddress": "0x7000",
      "OffSetAddress": "8",
      "RW": "RW",
      "FORMATE": "1",
      "UNIT": "0：关闭1：打开",
      "Val_def": "0102030505060708",
      "Val_real": ""
    },
    {
      "Name": "空调参数设置",
      "StartAddress": "0x7000",
      "OffSetAddress": "9",
      "RW": "RW",
      "FORMATE": "1",
      "UNIT": "0: 正常模式; 1: 制冷模式; 2: 加热模式; 3: 除湿模式",
      "Val_def": "1",
      "Val_real": ""
    },
    {
      "Name": "强制解除命令",
      "StartAddress": "0x2800",
      "OffSetAddress": "0",
      "RW": "RW",
      "FORMATE": "1",
      "UNIT": "1",
      "Val_def": "0",
      "Val_real": ""
    }
  ]
}]