[{
    "A_BCUID": "1",
    "SOC_Item": [{
            "Name": "batteryType ",
            "StartAddress": "0x660",
            "OffSetAddress": "0",
            "RW": "RW",
            "FORMATE": "1",
            "Val_def": "100",
            "Val_real": ""
        },
        {
            "Name": "batteryRatedCapacity",
            "StartAddress": "0x660",
            "OffSetAddress": "1",
            "RW": "RW",
            "FORMATE": "1",
            "Val_def": "1",
            "Val_real": ""
        },
        {
            "Name": "batteryRatedVoltage ",
            "StartAddress": "0x660",
            "OffSetAddress": "2",
            "RW": "R",
            "FORMATE": "1",
            "Val_def": "",
            "Val_real": "232"
        },
        {
            "Name": "socClearMinCurrent ",
            "StartAddress": "0x660",
            "OffSetAddress": "3",
            "RW": "RW",
            "FORMATE": "1",
            "Val_def": "11111",
            "Val_real": "232"
        },
        {
            "Name": "socDynamicCorrectChargeSoc ",
            "StartAddress": "0x660",
            "OffSetAddress": "4",
            "RW": "RW",
            "FORMATE": "1",
            "Val_def": "1",
            "Val_real": "1"
        },
        {
            "Name": "socDynamicCorrectChargeCurrentDelayTime ",
            "StartAddress": "0x660",
            "OffSetAddress": "5",
            "RW": "RW",
            "FORMATE": "1",
            "Val_def": "1",
            "Val_real": "1"
        },
        {
            "Name": "socDynamicCorrectDischargeSoc ",
            "StartAddress": "0x660",
            "OffSetAddress": "6",
            "RW": "RW",
            "FORMATE": "1",
            "Val_def": "1",
            "Val_real": "1"
        },
        {
            "Name": "socDynamicCorrectDischargeCurrentDelayTime ",
            "StartAddress": "0x660",
            "OffSetAddress": "7",
            "RW": "RW",
            "FORMATE": "1",
            "Val_def": "1",
            "Val_real": "1"
        },
        {
            "Name": "socStaticCorrectIdleTime ",
            "StartAddress": "0x660",
            "OffSetAddress": "8",
            "RW": "RW",
            "FORMATE": "1",
            "Val_def": "1232",
            "Val_real": "144"
        }
    ]
}]